Table 110-01002 : Population by Sex and Age,,,,,,,,,,,,,,,,,
 ,,,,,,,,,,,,,,,,,
 , ,Population,Population,Population,Population,Population,Population,Population,Population,Population,Population,Population,Population,Population,Population,Population,Population
,,Number ('000),Number ('000),Number ('000),Number ('000),Number ('000),Number ('000),Number ('000),Number ('000),% of total population,% of total population,% of total population,% of total population,% of total population,% of total population,% of total population,% of total population
Year,,2022,2022,2023,2023,2024,2024,2025,2025,2022,2022,2023,2023,2024,2024,2025,2025
Reference time-point,,Mid-year,Year-end,Mid-year,Year-end,Mid-year,Year-end,Mid-year,Year-end p,Mid-year,Year-end,Mid-year,Year-end,Mid-year,Year-end,Mid-year,Year-end p
Sex,Age,,,,,,,,,,,,,,,,
Male,0,17.8,16.7,17.0,17.3,17.4,18.1,16.7,15.1,0.2,0.2,0.2,0.2,0.2,0.2,0.2,0.2
Male,1,19.2,18.8,18.3,17.4,17.4,17.3,17.2,16.9,0.3,0.3,0.2,0.2,0.2,0.2,0.2,0.2
Male,2,23.3,20.8,19.6,19.2,18.5,17.6,17.6,17.2,0.3,0.3,0.3,0.3,0.2,0.2,0.2,0.2
Male,3,24.3,24.7,24.1,21.4,20.0,19.3,18.7,17.7,0.3,0.3,0.3,0.3,0.3,0.3,0.2,0.2
Male,4,24.8,24.9,25.1,25.1,24.4,21.6,20.1,19.4,0.3,0.3,0.3,0.3,0.3,0.3,0.3,0.3
Male,5,26.9,26.0,25.7,25.2,25.2,25.1,24.3,21.8,0.4,0.3,0.3,0.3,0.3,0.3,0.3,0.3
Male,6,26.7,28.3,27.9,26.4,25.7,25.1,25.0,25.2,0.4,0.4,0.4,0.4,0.3,0.3,0.3,0.3
Male,7,28.0,27.5,27.7,28.4,27.7,26.1,25.5,25.2,0.4,0.4,0.4,0.4,0.4,0.3,0.3,0.3
Male,8,27.1,28.9,29.0,27.8,27.5,28.0,27.3,26.2,0.4,0.4,0.4,0.4,0.4,0.4,0.4,0.3
Male,9,30.4,24.9,27.9,29.1,28.8,27.4,27.1,28.2,0.4,0.3,0.4,0.4,0.4,0.4,0.4,0.4
Male,10,34.0,36.5,31.3,25.0,27.7,28.9,28.4,27.7,0.5,0.5,0.4,0.3,0.4,0.4,0.4,0.4
Male,11,33.1,34.4,36.8,37.6,31.1,24.8,27.4,29.1,0.5,0.5,0.5,0.5,0.4,0.3,0.4,0.4
Male,12,26.0,31.0,36.4,35.6,35.7,35.0,30.0,25.1,0.4,0.4,0.5,0.5,0.5,0.5,0.4,0.3
Male,13,26.2,25.9,29.1,31.2,34.2,31.6,32.8,35.9,0.4,0.3,0.4,0.4,0.5,0.4,0.4,0.5
Male,14,31.2,29.3,28.1,26.2,26.8,27.7,31.0,32.5,0.4,0.4,0.4,0.3,0.4,0.4,0.4,0.4
Male,15,30.5,33.0,32.2,29.2,26.3,23.2,24.6,28.7,0.4,0.4,0.4,0.4,0.3,0.3,0.3,0.4
Male,16,28.3,31.5,31.5,32.7,31.1,27.2,25.6,25.2,0.4,0.4,0.4,0.4,0.4,0.4,0.3,0.3
Male,17,26.9,24.9,29.2,32.1,30.7,31.9,31.0,29.2,0.4,0.3,0.4,0.4,0.4,0.4,0.4,0.4
Male,18,25.5,29.0,28.7,27.4,30.6,32.8,31.6,34.0,0.3,0.4,0.4,0.4,0.4,0.4,0.4,0.5
Male,19,26.1,28.9,28.4,31.0,30.6,28.1,31.5,34.1,0.4,0.4,0.4,0.4,0.4,0.4,0.4,0.5
Male,20,26.8,27.8,27.9,29.5,27.7,30.1,29.4,27.3,0.4,0.4,0.4,0.4,0.4,0.4,0.4,0.4
Male,21,28.7,26.0,28.9,28.9,28.1,29.8,28.0,29.8,0.4,0.3,0.4,0.4,0.4,0.4,0.4,0.4
Male,22,32.5,32.3,31.6,28.0,30.1,30.4,29.7,31.2,0.4,0.4,0.4,0.4,0.4,0.4,0.4,0.4
Male,23,31.5,33.1,36.5,33.7,32.2,29.0,31.2,30.6,0.4,0.4,0.5,0.4,0.4,0.4,0.4,0.4
Male,24,33.5,34.2,34.2,33.9,36.0,33.5,32.4,28.4,0.5,0.5,0.5,0.4,0.5,0.4,0.4,0.4
Male,25,38.5,38.7,35.7,35.0,34.2,33.7,36.0,33.8,0.5,0.5,0.5,0.5,0.5,0.4,0.5,0.4
Male,26,39.7,39.3,40.1,39.2,35.8,35.2,34.1,33.4,0.5,0.5,0.5,0.5,0.5,0.5,0.5,0.4
Male,27,42.2,42.7,41.3,39.6,40.1,39.2,36.1,35.5,0.6,0.6,0.5,0.5,0.5,0.5,0.5,0.5
Male,28,43.7,44.3,43.5,43.2,41.3,39.7,40.3,39.6,0.6,0.6,0.6,0.6,0.5,0.5,0.5,0.5
Male,29,43.2,43.6,44.8,44.8,43.5,43.2,42.1,40.2,0.6,0.6,0.6,0.6,0.6,0.6,0.6,0.5
Male,30,44.3,45.3,44.5,43.9,45.0,44.8,44.0,44.0,0.6,0.6,0.6,0.6,0.6,0.6,0.6,0.6
Male,31,43.8,43.6,45.6,45.8,44.6,44.1,45.5,45.4,0.6,0.6,0.6,0.6,0.6,0.6,0.6,0.6
Male,32,44.7,46.6,44.9,44.0,45.8,45.9,45.1,44.8,0.6,0.6,0.6,0.6,0.6,0.6,0.6,0.6
Male,33,44.9,44.4,45.8,46.9,45.2,44.5,46.3,46.4,0.6,0.6,0.6,0.6,0.6,0.6,0.6,0.6
Male,34,47.9,48.7,45.9,44.8,46.1,47.4,45.9,45.1,0.7,0.7,0.6,0.6,0.6,0.6,0.6,0.6
Male,35,44.5,46.8,49.0,49.0,46.2,45.4,47.0,48.2,0.6,0.6,0.6,0.7,0.6,0.6,0.6,0.6
Male,36,44.5,45.1,45.5,47.1,49.1,49.6,47.5,46.4,0.6,0.6,0.6,0.6,0.7,0.7,0.6,0.6
Male,37,45.7,46.0,45.1,45.3,45.6,47.6,50.1,51.0,0.6,0.6,0.6,0.6,0.6,0.6,0.7,0.7
Male,38,45.2,45.1,46.3,45.8,45.3,45.7,46.1,48.0,0.6,0.6,0.6,0.6,0.6,0.6,0.6,0.6
Male,39,47.4,47.1,45.9,45.2,46.6,46.4,46.3,46.6,0.6,0.6,0.6,0.6,0.6,0.6,0.6,0.6
Male,40,48.6,48.9,48.2,47.5,46.1,45.9,47.3,47.4,0.7,0.7,0.6,0.6,0.6,0.6,0.6,0.6
Male,41,47.9,47.7,49.3,49.2,48.3,47.8,46.8,46.5,0.7,0.6,0.7,0.7,0.6,0.6,0.6,0.6
Male,42,46.8,48.6,48.2,47.6,49.3,49.8,49.1,48.7,0.6,0.7,0.6,0.6,0.7,0.7,0.7,0.6
Male,43,45.6,46.3,47.2,48.7,48.1,47.9,50.1,50.2,0.6,0.6,0.6,0.6,0.6,0.6,0.7,0.7
Male,44,45.7,45.8,45.9,46.3,47.1,48.9,48.5,48.4,0.6,0.6,0.6,0.6,0.6,0.7,0.6,0.6
Male,45,45.3,46.0,46.1,45.9,46.1,46.5,47.5,49.3,0.6,0.6,0.6,0.6,0.6,0.6,0.6,0.7
Male,46,45.5,45.7,45.8,46.0,46.1,45.9,46.2,46.9,0.6,0.6,0.6,0.6,0.6,0.6,0.6,0.6
Male,47,46.3,46.2,46.0,45.6,45.7,46.2,46.3,46.5,0.6,0.6,0.6,0.6,0.6,0.6,0.6,0.6
Male,48,48.9,48.1,46.9,46.1,45.6,45.5,45.8,46.5,0.7,0.6,0.6,0.6,0.6,0.6,0.6,0.6
Male,49,48.8,48.9,49.6,48.0,46.9,46.1,45.8,45.9,0.7,0.7,0.7,0.6,0.6,0.6,0.6,0.6
Male,50,49.6,51.3,49.5,48.8,49.4,48.1,47.1,46.4,0.7,0.7,0.7,0.6,0.7,0.6,0.6,0.6
Male,51,48.0,47.8,50.5,51.4,49.2,48.5,49.2,48.5,0.7,0.6,0.7,0.7,0.7,0.6,0.7,0.6
Male,52,48.3,49.8,48.8,47.9,50.1,51.0,49.3,48.5,0.7,0.7,0.6,0.6,0.7,0.7,0.7,0.6
Male,53,48.1,47.9,49.0,49.7,48.7,47.9,50.2,51.4,0.7,0.6,0.7,0.7,0.6,0.6,0.7,0.7
Male,54,49.7,50.1,48.6,47.6,48.6,49.6,48.4,47.7,0.7,0.7,0.6,0.6,0.6,0.7,0.6,0.6
Male,55,49.2,50.2,50.1,49.9,48.4,47.4,48.1,49.3,0.7,0.7,0.7,0.7,0.6,0.6,0.6,0.7
Male,56,50.5,49.5,49.7,49.9,49.7,49.6,48.4,47.1,0.7,0.7,0.7,0.7,0.7,0.7,0.6,0.6
Male,57,53.8,52.4,50.9,49.0,49.3,49.6,49.3,49.5,0.7,0.7,0.7,0.7,0.7,0.7,0.7,0.7
Male,58,56.8,55.9,54.4,52.1,50.5,48.6,48.7,49.1,0.8,0.7,0.7,0.7,0.7,0.6,0.6,0.7
Male,59,60.4,59.5,57.2,55.5,53.8,51.5,50.1,48.4,0.8,0.8,0.8,0.7,0.7,0.7,0.7,0.6
Male,60,62.0,63.9,61.2,59.1,56.6,54.8,53.5,51.5,0.8,0.9,0.8,0.8,0.8,0.7,0.7,0.7
Male,61,58.4,57.5,63.0,63.8,60.6,58.6,56.2,54.8,0.8,0.8,0.8,0.8,0.8,0.8,0.7,0.7
Male,62,62.1,64.1,59.1,57.2,62.3,62.9,59.9,58.1,0.8,0.9,0.8,0.8,0.8,0.8,0.8,0.8
Male,63,59.0,58.8,62.8,63.6,58.3,56.4,61.0,61.8,0.8,0.8,0.8,0.8,0.8,0.8,0.8,0.8
Male,64,62.1,63.1,59.8,58.3,62.0,62.7,57.5,54.9,0.8,0.8,0.8,0.8,0.8,0.8,0.8,0.7
Male,65,57.7,60.2,62.7,62.7,58.9,57.6,61.2,62.2,0.8,0.8,0.8,0.8,0.8,0.8,0.8,0.8
Male,66,54.0,57.0,58.4,59.9,62.3,62.0,58.2,56.6,0.7,0.8,0.8,0.8,0.8,0.8,0.8,0.8
Male,67,51.0,53.0,54.5,56.5,57.8,59.2,61.1,61.3,0.7,0.7,0.7,0.7,0.8,0.8,0.8,0.8
Male,68,48.0,50.5,51.7,52.6,53.9,55.9,56.8,57.8,0.7,0.7,0.7,0.7,0.7,0.7,0.8,0.8
Male,69,43.4,45.6,48.7,50.1,50.9,51.9,52.8,54.6,0.6,0.6,0.6,0.7,0.7,0.7,0.7,0.7
Male,70,42.4,44.8,43.9,45.2,47.8,49.4,49.8,50.5,0.6,0.6,0.6,0.6,0.6,0.7,0.7,0.7
Male,71,39.9,40.0,43.1,44.4,43.6,44.7,47.0,48.2,0.5,0.5,0.6,0.6,0.6,0.6,0.6,0.6
Male,72,39.1,40.5,40.4,39.6,42.4,43.6,42.4,43.2,0.5,0.5,0.5,0.5,0.6,0.6,0.6,0.6
Male,73,38.1,40.0,39.5,40.1,39.6,38.7,41.3,42.3,0.5,0.5,0.5,0.5,0.5,0.5,0.6,0.6
Male,74,33.4,36.0,38.6,39.6,38.7,39.4,38.5,37.4,0.5,0.5,0.5,0.5,0.5,0.5,0.5,0.5
Male,75,29.3,32.2,33.8,35.6,37.7,38.5,37.3,38.0,0.4,0.4,0.4,0.5,0.5,0.5,0.5,0.5
Male,76,24.0,26.7,29.4,31.6,32.8,34.5,36.1,37.0,0.3,0.4,0.4,0.4,0.4,0.5,0.5,0.5
Male,77,17.8,20.5,24.0,26.2,28.6,30.8,31.6,32.9,0.2,0.3,0.3,0.3,0.4,0.4,0.4,0.4
Male,78,17.7,18.3,17.5,20.0,23.4,25.5,27.6,29.3,0.2,0.2,0.2,0.3,0.3,0.3,0.4,0.4
Male,79,18.2,17.7,17.3,17.7,16.8,19.2,22.1,24.1,0.2,0.2,0.2,0.2,0.2,0.3,0.3,0.3
Male,80,15.8,16.9,17.7,17.2,16.5,17.0,15.9,17.9,0.2,0.2,0.2,0.2,0.2,0.2,0.2,0.2
Male,81,15.2,14.1,15.2,16.2,16.8,16.3,15.7,16.1,0.2,0.2,0.2,0.2,0.2,0.2,0.2,0.2
Male,82,15.9,16.4,14.7,13.3,14.5,15.4,16.0,15.3,0.2,0.2,0.2,0.2,0.2,0.2,0.2,0.2
Male,83,15.3,14.2,15.3,15.6,13.8,12.6,13.5,14.5,0.2,0.2,0.2,0.2,0.2,0.2,0.2,0.2
Male,84,14.9,15.3,14.4,13.4,14.4,14.7,12.9,11.7,0.2,0.2,0.2,0.2,0.2,0.2,0.2,0.2
Male,≥85,86.5,89.3,89.6,94.2,94.0,97.9,95.5,100.1,1.2,1.2,1.2,1.3,1.2,1.3,1.3,1.3
Male,All age,3354.5,3409.8,3435.2,3425.3,3417.9,3404.5,3400.1,3404.4,45.7,45.6,45.6,45.5,45.4,45.4,45.3,45.3
Female,0,16.8,15.6,15.7,15.8,15.8,16.5,15.4,14.0,0.2,0.2,0.2,0.2,0.2,0.2,0.2,0.2
Female,1,18.3,18.0,17.1,16.0,16.2,15.8,15.5,15.5,0.2,0.2,0.2,0.2,0.2,0.2,0.2,0.2
Female,2,21.7,19.7,18.6,18.3,17.5,16.2,16.2,15.7,0.3,0.3,0.2,0.2,0.2,0.2,0.2,0.2
Female,3,23.0,23.1,22.4,20.2,18.9,18.5,17.7,16.2,0.3,0.3,0.3,0.3,0.3,0.2,0.2,0.2
Female,4,23.9,23.6,23.9,23.6,22.5,20.4,19.0,18.6,0.3,0.3,0.3,0.3,0.3,0.3,0.3,0.2
Female,5,25.3,24.8,24.8,23.9,23.8,23.4,22.5,20.5,0.3,0.3,0.3,0.3,0.3,0.3,0.3,0.3
Female,6,25.3,26.4,26.1,25.1,24.8,23.7,23.6,23.5,0.3,0.4,0.3,0.3,0.3,0.3,0.3,0.3
Female,7,26.2,25.6,26.2,26.5,25.9,24.8,24.5,23.8,0.4,0.3,0.3,0.4,0.3,0.3,0.3,0.3
Female,8,26.2,27.9,27.0,25.7,25.9,26.3,25.4,24.9,0.4,0.4,0.4,0.3,0.3,0.3,0.3,0.3
Female,9,28.8,23.9,27.0,28.2,26.8,25.5,25.7,26.2,0.4,0.3,0.4,0.4,0.4,0.3,0.3,0.4
Female,10,31.1,33.9,29.6,24.1,26.7,27.6,26.4,25.6,0.4,0.5,0.4,0.3,0.4,0.4,0.4,0.3
Female,11,30.5,31.4,33.4,34.8,29.4,23.9,26.4,27.6,0.4,0.4,0.4,0.5,0.4,0.3,0.4,0.4
Female,12,24.3,28.5,33.3,32.3,32.6,32.6,28.4,24.2,0.3,0.4,0.4,0.4,0.4,0.4,0.4,0.3
Female,13,24.4,23.8,26.5,28.7,31.3,29.2,30.2,33.4,0.3,0.3,0.4,0.4,0.4,0.4,0.4,0.4
Female,14,29.3,27.8,26.1,23.7,24.6,25.8,28.8,30.1,0.4,0.4,0.3,0.3,0.3,0.3,0.4,0.4
Female,15,28.6,31.1,30.1,27.4,24.4,21.5,23.0,26.4,0.4,0.4,0.4,0.4,0.3,0.3,0.3,0.4
Female,16,26.3,29.3,29.5,30.9,28.6,25.8,23.9,23.3,0.4,0.4,0.4,0.4,0.4,0.3,0.3,0.3
Female,17,25.6,23.1,27.2,29.9,29.0,30.3,28.8,27.7,0.3,0.3,0.4,0.4,0.4,0.4,0.4,0.4
Female,18,25.0,27.7,27.0,25.6,28.5,30.5,29.6,32.3,0.3,0.4,0.4,0.3,0.4,0.4,0.4,0.4
Female,19,26.0,28.3,27.6,29.2,28.6,25.9,28.9,31.1,0.4,0.4,0.4,0.4,0.4,0.3,0.4,0.4
Female,20,25.2,26.4,27.3,29.0,27.1,28.3,26.7,25.0,0.3,0.4,0.4,0.4,0.4,0.4,0.4,0.3
Female,21,27.0,24.8,27.8,28.1,28.0,30.0,27.7,28.1,0.4,0.3,0.4,0.4,0.4,0.4,0.4,0.4
Female,22,30.6,31.4,31.3,28.2,30.2,30.5,30.3,31.9,0.4,0.4,0.4,0.4,0.4,0.4,0.4,0.4
Female,23,32.3,33.5,36.5,33.9,32.7,30.3,31.8,30.5,0.4,0.4,0.5,0.4,0.4,0.4,0.4,0.4
Female,24,34.8,36.0,36.4,34.9,36.3,34.0,33.1,29.5,0.5,0.5,0.5,0.5,0.5,0.5,0.4,0.4
Female,25,38.7,39.9,37.7,37.3,36.8,35.7,37.1,34.5,0.5,0.5,0.5,0.5,0.5,0.5,0.5,0.5
Female,26,43.4,42.2,41.4,41.2,38.6,38.2,37.4,35.9,0.6,0.6,0.5,0.5,0.5,0.5,0.5,0.5
Female,27,47.6,47.2,45.8,43.5,42.1,42.1,39.1,38.4,0.6,0.6,0.6,0.6,0.6,0.6,0.5,0.5
Female,28,49.4,50.5,50.1,48.7,46.9,44.3,42.9,42.8,0.7,0.7,0.7,0.6,0.6,0.6,0.6,0.6
Female,29,49.7,50.5,51.8,51.9,51.2,49.7,47.8,45.2,0.7,0.7,0.7,0.7,0.7,0.7,0.6,0.6
Female,30,52.5,52.7,52.1,52.1,52.9,53.0,51.9,50.6,0.7,0.7,0.7,0.7,0.7,0.7,0.7,0.7
Female,31,55.1,54.1,55.0,54.3,53.4,53.2,53.6,53.6,0.8,0.7,0.7,0.7,0.7,0.7,0.7,0.7
Female,32,57.5,58.9,57.5,55.7,56.1,55.4,54.3,53.8,0.8,0.8,0.8,0.7,0.7,0.7,0.7,0.7
Female,33,59.2,59.1,59.9,60.5,58.7,56.6,57.1,56.7,0.8,0.8,0.8,0.8,0.8,0.8,0.8,0.8
Female,34,62.3,63.1,61.3,60.4,61.2,61.5,59.5,57.7,0.8,0.8,0.8,0.8,0.8,0.8,0.8,0.8
Female,35,61.1,63.0,64.4,64.3,62.4,61.3,61.8,62.5,0.8,0.8,0.9,0.9,0.8,0.8,0.8,0.8
Female,36,66.3,64.6,63.1,64.3,65.6,65.3,63.3,62.3,0.9,0.9,0.8,0.9,0.9,0.9,0.8,0.8
Female,37,67.9,68.5,68.1,65.6,64.3,65.2,66.2,66.8,0.9,0.9,0.9,0.9,0.9,0.9,0.9,0.9
Female,38,66.7,67.4,69.2,69.2,68.9,66.6,65.2,66.2,0.9,0.9,0.9,0.9,0.9,0.9,0.9,0.9
Female,39,71.7,70.8,68.2,68.0,69.9,70.1,70.1,68.2,1.0,0.9,0.9,0.9,0.9,0.9,0.9,0.9
Female,40,73.3,74.5,72.9,71.4,68.9,68.9,71.0,71.4,1.0,1.0,1.0,0.9,0.9,0.9,0.9,1.0
Female,41,72.0,72.2,74.6,75.1,73.5,72.0,70.4,70.5,1.0,1.0,1.0,1.0,1.0,1.0,0.9,0.9
Female,42,71.2,72.8,73.1,72.4,75.0,75.7,74.7,74.1,1.0,1.0,1.0,1.0,1.0,1.0,1.0,1.0
Female,43,67.9,70.8,72.1,73.0,73.3,72.4,75.4,77.3,0.9,0.9,1.0,1.0,1.0,1.0,1.0,1.0
Female,44,65.7,67.6,68.7,70.8,72.4,73.1,73.4,73.3,0.9,0.9,0.9,0.9,1.0,1.0,1.0,1.0
Female,45,65.9,65.8,66.5,67.7,68.7,71.0,72.6,73.8,0.9,0.9,0.9,0.9,0.9,0.9,1.0,1.0
Female,46,63.8,65.8,66.7,65.7,66.4,67.4,69.1,71.7,0.9,0.9,0.9,0.9,0.9,0.9,0.9,1.0
Female,47,64.6,64.1,64.4,65.6,66.4,65.4,66.8,68.4,0.9,0.9,0.9,0.9,0.9,0.9,0.9,0.9
Female,48,68.6,67.6,65.4,64.0,64.3,65.1,66.5,66.3,0.9,0.9,0.9,0.9,0.9,0.9,0.9,0.9
Female,49,68.9,69.6,69.5,67.5,65.1,63.7,64.5,65.5,0.9,0.9,0.9,0.9,0.9,0.8,0.9,0.9
Female,50,68.2,70.9,70.0,69.6,69.4,67.2,65.9,64.9,0.9,0.9,0.9,0.9,0.9,0.9,0.9,0.9
Female,51,66.6,65.5,69.3,71.2,70.0,69.2,70.0,68.7,0.9,0.9,0.9,0.9,0.9,0.9,0.9,0.9
Female,52,67.6,70.7,67.7,65.5,69.1,70.8,70.0,69.8,0.9,0.9,0.9,0.9,0.9,0.9,0.9,0.9
Female,53,64.9,65.0,68.7,70.7,67.3,64.8,68.7,70.7,0.9,0.9,0.9,0.9,0.9,0.9,0.9,0.9
Female,54,65.8,68.1,65.6,64.9,68.2,70.2,67.1,64.7,0.9,0.9,0.9,0.9,0.9,0.9,0.9,0.9
Female,55,61.9,63.6,66.4,67.8,65.2,64.4,68.1,70.4,0.8,0.9,0.9,0.9,0.9,0.9,0.9,0.9
Female,56,63.0,62.2,62.3,63.2,65.9,67.1,64.9,63.9,0.9,0.8,0.8,0.8,0.9,0.9,0.9,0.9
Female,57,67.0,65.8,63.6,62.0,61.8,62.8,65.6,67.2,0.9,0.9,0.8,0.8,0.8,0.8,0.9,0.9
Female,58,68.9,67.8,67.5,65.4,63.2,61.3,61.2,62.1,0.9,0.9,0.9,0.9,0.8,0.8,0.8,0.8
Female,59,74.4,74.3,69.7,67.3,66.9,64.7,62.9,60.8,1.0,1.0,0.9,0.9,0.9,0.9,0.8,0.8
Female,60,71.4,75.8,75.7,74.3,69.2,67.0,67.0,64.9,1.0,1.0,1.0,1.0,0.9,0.9,0.9,0.9
Female,61,63.4,64.4,72.5,75.9,75.4,73.9,69.1,66.9,0.9,0.9,1.0,1.0,1.0,1.0,0.9,0.9
Female,62,64.7,68.0,64.6,64.4,72.2,75.0,74.8,73.6,0.9,0.9,0.9,0.9,1.0,1.0,1.0,1.0
Female,63,61.2,60.6,65.8,68.1,64.1,63.7,70.9,74.2,0.8,0.8,0.9,0.9,0.9,0.8,0.9,1.0
Female,64,63.8,65.7,62.1,60.7,65.5,67.5,63.1,61.7,0.9,0.9,0.8,0.8,0.9,0.9,0.8,0.8
Female,65,60.7,62.8,65.1,65.9,61.9,60.1,64.6,67.0,0.8,0.8,0.9,0.9,0.8,0.8,0.9,0.9
Female,66,57.0,60.1,61.8,63.2,65.0,65.7,61.4,59.3,0.8,0.8,0.8,0.8,0.9,0.9,0.8,0.8
Female,67,53.4,56.1,58.2,60.2,61.6,62.8,64.2,64.8,0.7,0.8,0.8,0.8,0.8,0.8,0.9,0.9
Female,68,51.5,53.8,54.6,56.2,58.0,59.8,60.8,61.5,0.7,0.7,0.7,0.7,0.8,0.8,0.8,0.8
Female,69,46.8,49.4,52.8,54.1,54.4,55.9,57.1,58.6,0.6,0.7,0.7,0.7,0.7,0.7,0.8,0.8
Female,70,44.7,47.6,48.1,49.8,52.6,53.6,53.5,54.6,0.6,0.6,0.6,0.7,0.7,0.7,0.7,0.7
Female,71,42.6,42.8,45.8,48.0,47.8,49.3,51.6,52.5,0.6,0.6,0.6,0.6,0.6,0.7,0.7,0.7
Female,72,40.6,42.8,43.6,42.9,45.5,47.6,47.1,48.0,0.6,0.6,0.6,0.6,0.6,0.6,0.6,0.6
Female,73,39.4,41.7,41.5,42.8,43.2,42.5,44.7,46.4,0.5,0.6,0.6,0.6,0.6,0.6,0.6,0.6
Female,74,34.8,37.2,40.3,41.7,41.2,42.4,42.4,41.3,0.5,0.5,0.5,0.6,0.5,0.6,0.6,0.5
Female,75,31.1,33.7,35.4,37.2,39.9,41.3,40.4,41.3,0.4,0.5,0.5,0.5,0.5,0.5,0.5,0.6
Female,76,26.0,29.3,31.6,33.8,35.1,36.7,39.0,40.0,0.4,0.4,0.4,0.4,0.5,0.5,0.5,0.5
Female,77,19.9,22.7,26.2,29.2,31.2,33.3,34.1,35.4,0.3,0.3,0.3,0.4,0.4,0.4,0.5,0.5
Female,78,18.9,19.8,20.0,22.5,25.8,28.6,30.3,32.2,0.3,0.3,0.3,0.3,0.3,0.4,0.4,0.4
Female,79,18.2,18.5,18.9,19.6,19.6,22.0,24.8,27.5,0.2,0.2,0.3,0.3,0.3,0.3,0.3,0.4
Female,80,16.2,17.4,18.1,18.2,18.4,19.2,19.1,21.1,0.2,0.2,0.2,0.2,0.2,0.3,0.3,0.3
Female,81,15.4,14.7,16.0,17.0,17.7,17.6,17.9,18.5,0.2,0.2,0.2,0.2,0.2,0.2,0.2,0.2
Female,82,16.5,16.7,15.1,14.4,15.6,16.6,16.9,17.0,0.2,0.2,0.2,0.2,0.2,0.2,0.2,0.2
Female,83,16.6,15.0,16.0,16.3,14.6,13.8,14.9,15.8,0.2,0.2,0.2,0.2,0.2,0.2,0.2,0.2
Female,84,17.5,17.5,16.1,14.4,15.4,15.7,13.8,13.1,0.2,0.2,0.2,0.2,0.2,0.2,0.2,0.2
Female,≥85,143.5,145.9,146.3,150.0,149.2,151.8,149.7,152.9,2.0,2.0,1.9,2.0,2.0,2.0,2.0,2.0
Female,All age,3991.6,4062.8,4100.9,4102.6,4106.2,4096.1,4098.8,4106.4,54.3,54.4,54.4,54.5,54.6,54.6,54.7,54.7
Both sexes,0,34.6,32.3,32.7,33.1,33.2,34.6,32.1,29.1,0.5,0.4,0.4,0.4,0.4,0.5,0.4,0.4
Both sexes,1,37.5,36.8,35.4,33.4,33.6,33.1,32.7,32.4,0.5,0.5,0.5,0.4,0.4,0.4,0.4,0.4
Both sexes,2,45.0,40.5,38.2,37.5,36.0,33.8,33.8,32.9,0.6,0.5,0.5,0.5,0.5,0.5,0.5,0.4
Both sexes,3,47.3,47.8,46.5,41.6,38.9,37.8,36.4,33.9,0.6,0.6,0.6,0.6,0.5,0.5,0.5,0.5
Both sexes,4,48.7,48.5,49.0,48.7,46.9,42.0,39.1,38.0,0.7,0.6,0.6,0.6,0.6,0.6,0.5,0.5
Both sexes,5,52.2,50.8,50.5,49.1,49.0,48.5,46.8,42.3,0.7,0.7,0.7,0.7,0.7,0.6,0.6,0.6
Both sexes,6,52.0,54.7,54.0,51.5,50.5,48.8,48.6,48.7,0.7,0.7,0.7,0.7,0.7,0.7,0.6,0.6
Both sexes,7,54.2,53.1,53.9,54.9,53.6,50.9,50.0,49.0,0.7,0.7,0.7,0.7,0.7,0.7,0.7,0.7
Both sexes,8,53.3,56.8,56.0,53.5,53.4,54.3,52.7,51.1,0.7,0.8,0.7,0.7,0.7,0.7,0.7,0.7
Both sexes,9,59.2,48.8,54.9,57.3,55.6,52.9,52.8,54.4,0.8,0.7,0.7,0.8,0.7,0.7,0.7,0.7
Both sexes,10,65.1,70.4,60.9,49.1,54.4,56.5,54.8,53.3,0.9,0.9,0.8,0.7,0.7,0.8,0.7,0.7
Both sexes,11,63.6,65.8,70.2,72.4,60.5,48.7,53.8,56.7,0.9,0.9,0.9,1.0,0.8,0.6,0.7,0.8
Both sexes,12,50.3,59.5,69.7,67.9,68.3,67.6,58.4,49.3,0.7,0.8,0.9,0.9,0.9,0.9,0.8,0.7
Both sexes,13,50.6,49.7,55.6,59.9,65.5,60.8,63.0,69.3,0.7,0.7,0.7,0.8,0.9,0.8,0.8,0.9
Both sexes,14,60.5,57.1,54.2,49.9,51.4,53.5,59.8,62.6,0.8,0.8,0.7,0.7,0.7,0.7,0.8,0.8
Both sexes,15,59.1,64.1,62.3,56.6,50.7,44.7,47.6,55.1,0.8,0.9,0.8,0.8,0.7,0.6,0.6,0.7
Both sexes,16,54.6,60.8,61.0,63.6,59.7,53.0,49.5,48.5,0.7,0.8,0.8,0.8,0.8,0.7,0.7,0.6
Both sexes,17,52.5,48.0,56.4,62.0,59.7,62.2,59.8,56.9,0.7,0.6,0.7,0.8,0.8,0.8,0.8,0.8
Both sexes,18,50.5,56.7,55.7,53.0,59.1,63.3,61.2,66.3,0.7,0.8,0.7,0.7,0.8,0.8,0.8,0.9
Both sexes,19,52.1,57.2,56.0,60.2,59.2,54.0,60.4,65.2,0.7,0.8,0.7,0.8,0.8,0.7,0.8,0.9
Both sexes,20,52.0,54.2,55.2,58.5,54.8,58.4,56.1,52.3,0.7,0.7,0.7,0.8,0.7,0.8,0.7,0.7
Both sexes,21,55.7,50.8,56.7,57.0,56.1,59.8,55.7,57.9,0.8,0.7,0.8,0.8,0.7,0.8,0.7,0.8
Both sexes,22,63.1,63.7,62.9,56.2,60.3,60.9,60.0,63.1,0.9,0.9,0.8,0.7,0.8,0.8,0.8,0.8
Both sexes,23,63.8,66.6,73.0,67.6,64.9,59.3,63.0,61.1,0.9,0.9,1.0,0.9,0.9,0.8,0.8,0.8
Both sexes,24,68.3,70.2,70.6,68.8,72.3,67.5,65.5,57.9,0.9,0.9,0.9,0.9,1.0,0.9,0.9,0.8
Both sexes,25,77.2,78.6,73.4,72.3,71.0,69.4,73.1,68.3,1.1,1.1,1.0,1.0,0.9,0.9,1.0,0.9
Both sexes,26,83.1,81.5,81.5,80.4,74.4,73.4,71.5,69.3,1.1,1.1,1.1,1.1,1.0,1.0,1.0,0.9
Both sexes,27,89.8,89.9,87.1,83.1,82.2,81.3,75.2,73.9,1.2,1.2,1.2,1.1,1.1,1.1,1.0,1.0
Both sexes,28,93.1,94.8,93.6,91.9,88.2,84.0,83.2,82.4,1.3,1.3,1.2,1.2,1.2,1.1,1.1,1.1
Both sexes,29,92.9,94.1,96.6,96.7,94.7,92.9,89.9,85.4,1.3,1.3,1.3,1.3,1.3,1.2,1.2,1.1
Both sexes,30,96.8,98.0,96.6,96.0,97.9,97.8,95.9,94.6,1.3,1.3,1.3,1.3,1.3,1.3,1.3,1.3
Both sexes,31,98.9,97.7,100.6,100.1,98.0,97.3,99.1,99.0,1.3,1.3,1.3,1.3,1.3,1.3,1.3,1.3
Both sexes,32,102.2,105.5,102.4,99.7,101.9,101.3,99.4,98.6,1.4,1.4,1.4,1.3,1.4,1.4,1.3,1.3
Both sexes,33,104.1,103.5,105.7,107.4,103.9,101.1,103.4,103.1,1.4,1.4,1.4,1.4,1.4,1.3,1.4,1.4
Both sexes,34,110.2,111.8,107.2,105.2,107.3,108.9,105.4,102.8,1.5,1.5,1.4,1.4,1.4,1.5,1.4,1.4
Both sexes,35,105.6,109.8,113.4,113.3,108.6,106.7,108.8,110.7,1.4,1.5,1.5,1.5,1.4,1.4,1.5,1.5
Both sexes,36,110.8,109.7,108.6,111.4,114.7,114.9,110.8,108.7,1.5,1.5,1.4,1.5,1.5,1.5,1.5,1.4
Both sexes,37,113.6,114.5,113.2,110.9,109.9,112.8,116.3,117.8,1.5,1.5,1.5,1.5,1.5,1.5,1.6,1.6
Both sexes,38,111.9,112.5,115.5,115.0,114.2,112.3,111.3,114.2,1.5,1.5,1.5,1.5,1.5,1.5,1.5,1.5
Both sexes,39,119.1,117.9,114.1,113.2,116.5,116.5,116.4,114.8,1.6,1.6,1.5,1.5,1.5,1.6,1.6,1.5
Both sexes,40,121.9,123.4,121.1,118.9,115.0,114.8,118.3,118.8,1.7,1.7,1.6,1.6,1.5,1.5,1.6,1.6
Both sexes,41,119.9,119.9,123.9,124.3,121.8,119.8,117.2,117.0,1.6,1.6,1.6,1.7,1.6,1.6,1.6,1.6
Both sexes,42,118.0,121.4,121.3,120.0,124.3,125.5,123.8,122.8,1.6,1.6,1.6,1.6,1.7,1.7,1.7,1.6
Both sexes,43,113.5,117.1,119.3,121.7,121.4,120.3,125.5,127.5,1.5,1.6,1.6,1.6,1.6,1.6,1.7,1.7
Both sexes,44,111.4,113.4,114.6,117.1,119.5,122.0,121.9,121.7,1.5,1.5,1.5,1.6,1.6,1.6,1.6,1.6
Both sexes,45,111.2,111.8,112.6,113.6,114.8,117.5,120.1,123.1,1.5,1.5,1.5,1.5,1.5,1.6,1.6,1.6
Both sexes,46,109.3,111.5,112.5,111.7,112.5,113.3,115.3,118.6,1.5,1.5,1.5,1.5,1.5,1.5,1.5,1.6
Both sexes,47,110.9,110.3,110.4,111.2,112.1,111.6,113.1,114.9,1.5,1.5,1.5,1.5,1.5,1.5,1.5,1.5
Both sexes,48,117.5,115.7,112.3,110.1,109.9,110.6,112.3,112.8,1.6,1.5,1.5,1.5,1.5,1.5,1.5,1.5
Both sexes,49,117.7,118.5,119.1,115.5,112.0,109.8,110.3,111.4,1.6,1.6,1.6,1.5,1.5,1.5,1.5,1.5
Both sexes,50,117.8,122.2,119.5,118.4,118.8,115.3,113.0,111.3,1.6,1.6,1.6,1.6,1.6,1.5,1.5,1.5
Both sexes,51,114.6,113.3,119.8,122.6,119.2,117.7,119.2,117.2,1.6,1.5,1.6,1.6,1.6,1.6,1.6,1.6
Both sexes,52,115.9,120.5,116.5,113.4,119.2,121.8,119.3,118.3,1.6,1.6,1.5,1.5,1.6,1.6,1.6,1.6
Both sexes,53,113.0,112.9,117.7,120.4,116.0,112.7,118.9,122.1,1.5,1.5,1.6,1.6,1.5,1.5,1.6,1.6
Both sexes,54,115.5,118.2,114.2,112.5,116.8,119.8,115.5,112.4,1.6,1.6,1.5,1.5,1.6,1.6,1.5,1.5
Both sexes,55,111.1,113.8,116.5,117.7,113.6,111.8,116.2,119.7,1.5,1.5,1.5,1.6,1.5,1.5,1.5,1.6
Both sexes,56,113.5,111.7,112.0,113.1,115.6,116.7,113.3,111.0,1.5,1.5,1.5,1.5,1.5,1.6,1.5,1.5
Both sexes,57,120.8,118.2,114.5,111.0,111.1,112.4,114.9,116.7,1.6,1.6,1.5,1.5,1.5,1.5,1.5,1.6
Both sexes,58,125.7,123.7,121.9,117.5,113.7,109.9,109.9,111.2,1.7,1.7,1.6,1.6,1.5,1.5,1.5,1.5
Both sexes,59,134.8,133.8,126.9,122.8,120.7,116.2,113.0,109.2,1.8,1.8,1.7,1.6,1.6,1.5,1.5,1.5
Both sexes,60,133.4,139.7,136.9,133.4,125.8,121.8,120.5,116.4,1.8,1.9,1.8,1.8,1.7,1.6,1.6,1.5
Both sexes,61,121.8,121.9,135.5,139.7,136.0,132.5,125.3,121.7,1.7,1.6,1.8,1.9,1.8,1.8,1.7,1.6
Both sexes,62,126.8,132.1,123.7,121.6,134.5,137.9,134.7,131.7,1.7,1.8,1.6,1.6,1.8,1.8,1.8,1.8
Both sexes,63,120.2,119.4,128.6,131.7,122.4,120.1,131.9,136.0,1.6,1.6,1.7,1.7,1.6,1.6,1.8,1.8
Both sexes,64,125.9,128.8,121.9,119.0,127.5,130.2,120.6,116.6,1.7,1.7,1.6,1.6,1.7,1.7,1.6,1.6
Both sexes,65,118.4,123.0,127.8,128.6,120.8,117.7,125.8,129.2,1.6,1.6,1.7,1.7,1.6,1.6,1.7,1.7
Both sexes,66,111.0,117.1,120.2,123.1,127.3,127.7,119.6,115.9,1.5,1.6,1.6,1.6,1.7,1.7,1.6,1.5
Both sexes,67,104.4,109.1,112.7,116.7,119.4,122.0,125.3,126.1,1.4,1.5,1.5,1.5,1.6,1.6,1.7,1.7
Both sexes,68,99.5,104.3,106.3,108.8,111.9,115.7,117.6,119.3,1.4,1.4,1.4,1.4,1.5,1.5,1.6,1.6
Both sexes,69,90.2,95.0,101.5,104.2,105.3,107.8,109.9,113.2,1.2,1.3,1.3,1.4,1.4,1.4,1.5,1.5
Both sexes,70,87.1,92.4,92.0,95.0,100.4,103.0,103.3,105.1,1.2,1.2,1.2,1.3,1.3,1.4,1.4,1.4
Both sexes,71,82.5,82.8,88.9,92.4,91.4,94.0,98.6,100.7,1.1,1.1,1.2,1.2,1.2,1.3,1.3,1.3
Both sexes,72,79.7,83.3,84.0,82.5,87.9,91.2,89.5,91.2,1.1,1.1,1.1,1.1,1.2,1.2,1.2,1.2
Both sexes,73,77.5,81.7,81.0,82.9,82.8,81.2,86.0,88.7,1.1,1.1,1.1,1.1,1.1,1.1,1.1,1.2
Both sexes,74,68.2,73.2,78.9,81.3,79.9,81.8,80.9,78.7,0.9,1.0,1.0,1.1,1.1,1.1,1.1,1.0
Both sexes,75,60.4,65.9,69.2,72.8,77.6,79.8,77.7,79.3,0.8,0.9,0.9,1.0,1.0,1.1,1.0,1.1
Both sexes,76,50.0,56.0,61.0,65.4,67.9,71.2,75.1,77.0,0.7,0.7,0.8,0.9,0.9,0.9,1.0,1.0
Both sexes,77,37.7,43.2,50.2,55.4,59.8,64.1,65.7,68.3,0.5,0.6,0.7,0.7,0.8,0.9,0.9,0.9
Both sexes,78,36.6,38.1,37.5,42.5,49.2,54.1,57.9,61.5,0.5,0.5,0.5,0.6,0.7,0.7,0.8,0.8
Both sexes,79,36.4,36.2,36.2,37.3,36.4,41.2,46.9,51.6,0.5,0.5,0.5,0.5,0.5,0.5,0.6,0.7
Both sexes,80,32.0,34.3,35.8,35.4,34.9,36.2,35.0,39.0,0.4,0.5,0.5,0.5,0.5,0.5,0.5,0.5
Both sexes,81,30.6,28.8,31.2,33.2,34.5,33.9,33.6,34.6,0.4,0.4,0.4,0.4,0.5,0.5,0.4,0.5
Both sexes,82,32.4,33.1,29.8,27.7,30.1,32.0,32.9,32.3,0.4,0.4,0.4,0.4,0.4,0.4,0.4,0.4
Both sexes,83,31.9,29.2,31.3,31.9,28.4,26.4,28.4,30.3,0.4,0.4,0.4,0.4,0.4,0.4,0.4,0.4
Both sexes,84,32.4,32.8,30.5,27.8,29.8,30.4,26.7,24.8,0.4,0.4,0.4,0.4,0.4,0.4,0.4,0.3
Both sexes,≥85,230.0,235.2,235.9,244.2,243.2,249.7,245.2,253.0,3.1,3.1,3.1,3.2,3.2,3.3,3.3,3.4
Both sexes,All age,7346.1,7472.6,7536.1,7527.9,7524.1,7500.6,7498.9,7510.8,100.0,100.0,100.0,100.0,100.0,100.0,100.0,100.0
 ,,,,,,,,,,,,,,,,,
Note(s):,,,,,,,,,,,,,,,,,
"The figures from 1961 to 1995 are compiled based on the ""extended de facto"" method and those from 1996 onwards are compiled based on the ""resident population"" method.",,,,,,,,,,,,,,,,,
p Provisional figure,,,,,,,,,,,,,,,,,
 ,,,,,,,,,,,,,,,,,
Source:,,,,,,,,,,,,,,,,,
"Demographic Statistics Section (1),Census and Statistics Department(Enquiry telephone no. : 3903 6943 Enquiry e-mail : population@censtatd.gov.hk)",,,,,,,,,,,,,,,,,
 ,,,,,,,,,,,,,,,,,
Remark:,,,,,,,,,,,,,,,,,
"To facilitate user's computation work, the symbols (if any) representing specific table notes in all data cells of this table are excluded. For the details about symbols (if any) in the data cells, please download another XLSX / CSV format table (without the label ""excluding symbols in data cells"").",,,,,,,,,,,,,,,,,
 ,,,,,,,,,,,,,,,,,
"Release Date: 12 February, 2026",,,,,,,,,,,,,,,,,
